""	"clade"	"test"	"back"	"pval"	"kval"	"adjusted_p_value"
"45"	"Actinopterygii_group3"	"Acanthochromis_polyacanthus"	"`Archocentrus_centrarchus,Pundamilia_nyererei,Maylandia_zebra,Astatotilapia_calliptera,Node9,Node7,Haplochromis_burtoni,Node6,Simochromis_diagramma,Node5,Neolamprologus_brichardi,Node4,Oreochromis_aureus,Oreochromis_niloticus,Node15,Node3,Node1,Melanotaenia_boesemani,Oryzias_latipes,Cyprinodon_tularosa,Fundulus_heteroclitus,Node25,Girardinichthys_multiradiatus,Node24,Xiphophorus_hellerii,Xiphophorus_couchianus,Xiphophorus_maculatus,Node33,Node31,Gambusia_affinis,Node30,Poecilia_mexicana,Poecilia_latipinna,Node38,Poecilia_reticulata,Poecilia_formosa,Node41,Node37,Node29,Node23,Nematolebias_whitei,Austrofundulus_limnaeus,Kryptolebias_marmoratus,Node46,Node44,Node22,Node20,Node18,Salarias_fasciatus,Gouania_willdenowi,Node51,Amphiprion_ocellaris,Node55,Stegastes_partitus,Node54,Node50,Mugil_cephalus,Node49`"	0.7284	1.13	0.94085
"46"	"Actinopterygii_group3"	"Amphiprion_ocellaris"	"`Archocentrus_centrarchus,Pundamilia_nyererei,Maylandia_zebra,Astatotilapia_calliptera,Node9,Node7,Haplochromis_burtoni,Node6,Simochromis_diagramma,Node5,Neolamprologus_brichardi,Node4,Oreochromis_aureus,Oreochromis_niloticus,Node15,Node3,Node1,Melanotaenia_boesemani,Oryzias_latipes,Cyprinodon_tularosa,Fundulus_heteroclitus,Node25,Girardinichthys_multiradiatus,Node24,Xiphophorus_hellerii,Xiphophorus_couchianus,Xiphophorus_maculatus,Node33,Node31,Gambusia_affinis,Node30,Poecilia_mexicana,Poecilia_latipinna,Node38,Poecilia_reticulata,Poecilia_formosa,Node41,Node37,Node29,Node23,Nematolebias_whitei,Austrofundulus_limnaeus,Kryptolebias_marmoratus,Node46,Node44,Node22,Node20,Node18,Salarias_fasciatus,Gouania_willdenowi,Node51,Acanthochromis_polyacanthus,Node55,Stegastes_partitus,Node54,Node50,Mugil_cephalus,Node49`"	0.0414	0	0.29822
"47"	"Actinopterygii_group3"	"Archocentrus_centrarchus"	"`Pundamilia_nyererei,Maylandia_zebra,Astatotilapia_calliptera,Node9,Node7,Haplochromis_burtoni,Node6,Simochromis_diagramma,Node5,Neolamprologus_brichardi,Node4,Oreochromis_aureus,Oreochromis_niloticus,Node15,Node3,Node1,Melanotaenia_boesemani,Oryzias_latipes,Cyprinodon_tularosa,Fundulus_heteroclitus,Node25,Girardinichthys_multiradiatus,Node24,Xiphophorus_hellerii,Xiphophorus_couchianus,Xiphophorus_maculatus,Node33,Node31,Gambusia_affinis,Node30,Poecilia_mexicana,Poecilia_latipinna,Node38,Poecilia_reticulata,Poecilia_formosa,Node41,Node37,Node29,Node23,Nematolebias_whitei,Austrofundulus_limnaeus,Kryptolebias_marmoratus,Node46,Node44,Node22,Node20,Node18,Salarias_fasciatus,Gouania_willdenowi,Node51,Amphiprion_ocellaris,Acanthochromis_polyacanthus,Node55,Stegastes_partitus,Node54,Node50,Mugil_cephalus,Node49`"	0.0437	0.49	0.29822
"48"	"Actinopterygii_group3"	"Astatotilapia_calliptera"	"`Archocentrus_centrarchus,Pundamilia_nyererei,Maylandia_zebra,Node9,Node7,Haplochromis_burtoni,Node6,Simochromis_diagramma,Node5,Neolamprologus_brichardi,Node4,Oreochromis_aureus,Oreochromis_niloticus,Node15,Node3,Node1,Melanotaenia_boesemani,Oryzias_latipes,Cyprinodon_tularosa,Fundulus_heteroclitus,Node25,Girardinichthys_multiradiatus,Node24,Xiphophorus_hellerii,Xiphophorus_couchianus,Xiphophorus_maculatus,Node33,Node31,Gambusia_affinis,Node30,Poecilia_mexicana,Poecilia_latipinna,Node38,Poecilia_reticulata,Poecilia_formosa,Node41,Node37,Node29,Node23,Nematolebias_whitei,Austrofundulus_limnaeus,Kryptolebias_marmoratus,Node46,Node44,Node22,Node20,Node18,Salarias_fasciatus,Gouania_willdenowi,Node51,Amphiprion_ocellaris,Acanthochromis_polyacanthus,Node55,Stegastes_partitus,Node54,Node50,Mugil_cephalus,Node49`"	0.1199	3.65	0.40145
"49"	"Actinopterygii_group3"	"Austrofundulus_limnaeus"	"`Archocentrus_centrarchus,Pundamilia_nyererei,Maylandia_zebra,Astatotilapia_calliptera,Node9,Node7,Haplochromis_burtoni,Node6,Simochromis_diagramma,Node5,Neolamprologus_brichardi,Node4,Oreochromis_aureus,Oreochromis_niloticus,Node15,Node3,Node1,Melanotaenia_boesemani,Oryzias_latipes,Cyprinodon_tularosa,Fundulus_heteroclitus,Node25,Girardinichthys_multiradiatus,Node24,Xiphophorus_hellerii,Xiphophorus_couchianus,Xiphophorus_maculatus,Node33,Node31,Gambusia_affinis,Node30,Poecilia_mexicana,Poecilia_latipinna,Node38,Poecilia_reticulata,Poecilia_formosa,Node41,Node37,Node29,Node23,Nematolebias_whitei,Kryptolebias_marmoratus,Node46,Node44,Node22,Node20,Node18,Salarias_fasciatus,Gouania_willdenowi,Node51,Amphiprion_ocellaris,Acanthochromis_polyacanthus,Node55,Stegastes_partitus,Node54,Node50,Mugil_cephalus,Node49`"	0.247	1.25	0.651516666666667
"50"	"Actinopterygii_group3"	"Cyprinodon_tularosa"	"`Archocentrus_centrarchus,Pundamilia_nyererei,Maylandia_zebra,Astatotilapia_calliptera,Node9,Node7,Haplochromis_burtoni,Node6,Simochromis_diagramma,Node5,Neolamprologus_brichardi,Node4,Oreochromis_aureus,Oreochromis_niloticus,Node15,Node3,Node1,Melanotaenia_boesemani,Oryzias_latipes,Fundulus_heteroclitus,Node25,Girardinichthys_multiradiatus,Node24,Xiphophorus_hellerii,Xiphophorus_couchianus,Xiphophorus_maculatus,Node33,Node31,Gambusia_affinis,Node30,Poecilia_mexicana,Poecilia_latipinna,Node38,Poecilia_reticulata,Poecilia_formosa,Node41,Node37,Node29,Node23,Nematolebias_whitei,Austrofundulus_limnaeus,Kryptolebias_marmoratus,Node46,Node44,Node22,Node20,Node18,Salarias_fasciatus,Gouania_willdenowi,Node51,Amphiprion_ocellaris,Acanthochromis_polyacanthus,Node55,Stegastes_partitus,Node54,Node50,Mugil_cephalus,Node49`"	0.4421	1.61	0.90055
"51"	"Actinopterygii_group3"	"Fundulus_heteroclitus"	"`Archocentrus_centrarchus,Pundamilia_nyererei,Maylandia_zebra,Astatotilapia_calliptera,Node9,Node7,Haplochromis_burtoni,Node6,Simochromis_diagramma,Node5,Neolamprologus_brichardi,Node4,Oreochromis_aureus,Oreochromis_niloticus,Node15,Node3,Node1,Melanotaenia_boesemani,Oryzias_latipes,Cyprinodon_tularosa,Node25,Girardinichthys_multiradiatus,Node24,Xiphophorus_hellerii,Xiphophorus_couchianus,Xiphophorus_maculatus,Node33,Node31,Gambusia_affinis,Node30,Poecilia_mexicana,Poecilia_latipinna,Node38,Poecilia_reticulata,Poecilia_formosa,Node41,Node37,Node29,Node23,Nematolebias_whitei,Austrofundulus_limnaeus,Kryptolebias_marmoratus,Node46,Node44,Node22,Node20,Node18,Salarias_fasciatus,Gouania_willdenowi,Node51,Amphiprion_ocellaris,Acanthochromis_polyacanthus,Node55,Stegastes_partitus,Node54,Node50,Mugil_cephalus,Node49`"	0.5102	1.2	0.930364705882353
"52"	"Actinopterygii_group3"	"Gambusia_affinis"	"`Archocentrus_centrarchus,Pundamilia_nyererei,Maylandia_zebra,Astatotilapia_calliptera,Node9,Node7,Haplochromis_burtoni,Node6,Simochromis_diagramma,Node5,Neolamprologus_brichardi,Node4,Oreochromis_aureus,Oreochromis_niloticus,Node15,Node3,Node1,Melanotaenia_boesemani,Oryzias_latipes,Cyprinodon_tularosa,Fundulus_heteroclitus,Node25,Girardinichthys_multiradiatus,Node24,Xiphophorus_hellerii,Xiphophorus_couchianus,Xiphophorus_maculatus,Node33,Node31,Node30,Poecilia_mexicana,Poecilia_latipinna,Node38,Poecilia_reticulata,Poecilia_formosa,Node41,Node37,Node29,Node23,Nematolebias_whitei,Austrofundulus_limnaeus,Kryptolebias_marmoratus,Node46,Node44,Node22,Node20,Node18,Salarias_fasciatus,Gouania_willdenowi,Node51,Amphiprion_ocellaris,Acanthochromis_polyacanthus,Node55,Stegastes_partitus,Node54,Node50,Mugil_cephalus,Node49`"	0.2522	0	0.651516666666667
"53"	"Actinopterygii_group3"	"Girardinichthys_multiradiatus"	"`Archocentrus_centrarchus,Pundamilia_nyererei,Maylandia_zebra,Astatotilapia_calliptera,Node9,Node7,Haplochromis_burtoni,Node6,Simochromis_diagramma,Node5,Neolamprologus_brichardi,Node4,Oreochromis_aureus,Oreochromis_niloticus,Node15,Node3,Node1,Melanotaenia_boesemani,Oryzias_latipes,Cyprinodon_tularosa,Fundulus_heteroclitus,Node25,Node24,Xiphophorus_hellerii,Xiphophorus_couchianus,Xiphophorus_maculatus,Node33,Node31,Gambusia_affinis,Node30,Poecilia_mexicana,Poecilia_latipinna,Node38,Poecilia_reticulata,Poecilia_formosa,Node41,Node37,Node29,Node23,Nematolebias_whitei,Austrofundulus_limnaeus,Kryptolebias_marmoratus,Node46,Node44,Node22,Node20,Node18,Salarias_fasciatus,Gouania_willdenowi,Node51,Amphiprion_ocellaris,Acanthochromis_polyacanthus,Node55,Stegastes_partitus,Node54,Node50,Mugil_cephalus,Node49`"	0.2755	0.68	0.656961538461538
"54"	"Actinopterygii_group3"	"Gouania_willdenowi"	"`Archocentrus_centrarchus,Pundamilia_nyererei,Maylandia_zebra,Astatotilapia_calliptera,Node9,Node7,Haplochromis_burtoni,Node6,Simochromis_diagramma,Node5,Neolamprologus_brichardi,Node4,Oreochromis_aureus,Oreochromis_niloticus,Node15,Node3,Node1,Melanotaenia_boesemani,Oryzias_latipes,Cyprinodon_tularosa,Fundulus_heteroclitus,Node25,Girardinichthys_multiradiatus,Node24,Xiphophorus_hellerii,Xiphophorus_couchianus,Xiphophorus_maculatus,Node33,Node31,Gambusia_affinis,Node30,Poecilia_mexicana,Poecilia_latipinna,Node38,Poecilia_reticulata,Poecilia_formosa,Node41,Node37,Node29,Node23,Nematolebias_whitei,Austrofundulus_limnaeus,Kryptolebias_marmoratus,Node46,Node44,Node22,Node20,Node18,Salarias_fasciatus,Node51,Amphiprion_ocellaris,Acanthochromis_polyacanthus,Node55,Stegastes_partitus,Node54,Node50,Mugil_cephalus,Node49`"	0.821	0.96	1
"55"	"Actinopterygii_group3"	"Haplochromis_burtoni"	"`Archocentrus_centrarchus,Pundamilia_nyererei,Maylandia_zebra,Astatotilapia_calliptera,Node9,Node7,Node6,Simochromis_diagramma,Node5,Neolamprologus_brichardi,Node4,Oreochromis_aureus,Oreochromis_niloticus,Node15,Node3,Node1,Melanotaenia_boesemani,Oryzias_latipes,Cyprinodon_tularosa,Fundulus_heteroclitus,Node25,Girardinichthys_multiradiatus,Node24,Xiphophorus_hellerii,Xiphophorus_couchianus,Xiphophorus_maculatus,Node33,Node31,Gambusia_affinis,Node30,Poecilia_mexicana,Poecilia_latipinna,Node38,Poecilia_reticulata,Poecilia_formosa,Node41,Node37,Node29,Node23,Nematolebias_whitei,Austrofundulus_limnaeus,Kryptolebias_marmoratus,Node46,Node44,Node22,Node20,Node18,Salarias_fasciatus,Gouania_willdenowi,Node51,Amphiprion_ocellaris,Acanthochromis_polyacanthus,Node55,Stegastes_partitus,Node54,Node50,Mugil_cephalus,Node49`"	0.4648	1.87	0.90055
"56"	"Actinopterygii_group3"	"Kryptolebias_marmoratus"	"`Archocentrus_centrarchus,Pundamilia_nyererei,Maylandia_zebra,Astatotilapia_calliptera,Node9,Node7,Haplochromis_burtoni,Node6,Simochromis_diagramma,Node5,Neolamprologus_brichardi,Node4,Oreochromis_aureus,Oreochromis_niloticus,Node15,Node3,Node1,Melanotaenia_boesemani,Oryzias_latipes,Cyprinodon_tularosa,Fundulus_heteroclitus,Node25,Girardinichthys_multiradiatus,Node24,Xiphophorus_hellerii,Xiphophorus_couchianus,Xiphophorus_maculatus,Node33,Node31,Gambusia_affinis,Node30,Poecilia_mexicana,Poecilia_latipinna,Node38,Poecilia_reticulata,Poecilia_formosa,Node41,Node37,Node29,Node23,Nematolebias_whitei,Austrofundulus_limnaeus,Node46,Node44,Node22,Node20,Node18,Salarias_fasciatus,Gouania_willdenowi,Node51,Amphiprion_ocellaris,Acanthochromis_polyacanthus,Node55,Stegastes_partitus,Node54,Node50,Mugil_cephalus,Node49`"	0.0683	0.29	0.302471428571429
"57"	"Actinopterygii_group3"	"Maylandia_zebra"	"`Archocentrus_centrarchus,Pundamilia_nyererei,Astatotilapia_calliptera,Node9,Node7,Haplochromis_burtoni,Node6,Simochromis_diagramma,Node5,Neolamprologus_brichardi,Node4,Oreochromis_aureus,Oreochromis_niloticus,Node15,Node3,Node1,Melanotaenia_boesemani,Oryzias_latipes,Cyprinodon_tularosa,Fundulus_heteroclitus,Node25,Girardinichthys_multiradiatus,Node24,Xiphophorus_hellerii,Xiphophorus_couchianus,Xiphophorus_maculatus,Node33,Node31,Gambusia_affinis,Node30,Poecilia_mexicana,Poecilia_latipinna,Node38,Poecilia_reticulata,Poecilia_formosa,Node41,Node37,Node29,Node23,Nematolebias_whitei,Austrofundulus_limnaeus,Kryptolebias_marmoratus,Node46,Node44,Node22,Node20,Node18,Salarias_fasciatus,Gouania_willdenowi,Node51,Amphiprion_ocellaris,Acanthochromis_polyacanthus,Node55,Stegastes_partitus,Node54,Node50,Mugil_cephalus,Node49`"	1	0.91	1
"58"	"Actinopterygii_group3"	"Melanotaenia_boesemani"	"`Archocentrus_centrarchus,Pundamilia_nyererei,Maylandia_zebra,Astatotilapia_calliptera,Node9,Node7,Haplochromis_burtoni,Node6,Simochromis_diagramma,Node5,Neolamprologus_brichardi,Node4,Oreochromis_aureus,Oreochromis_niloticus,Node15,Node3,Node1,Oryzias_latipes,Cyprinodon_tularosa,Fundulus_heteroclitus,Node25,Girardinichthys_multiradiatus,Node24,Xiphophorus_hellerii,Xiphophorus_couchianus,Xiphophorus_maculatus,Node33,Node31,Gambusia_affinis,Node30,Poecilia_mexicana,Poecilia_latipinna,Node38,Poecilia_reticulata,Poecilia_formosa,Node41,Node37,Node29,Node23,Nematolebias_whitei,Austrofundulus_limnaeus,Kryptolebias_marmoratus,Node46,Node44,Node22,Node20,Node18,Salarias_fasciatus,Gouania_willdenowi,Node51,Amphiprion_ocellaris,Acanthochromis_polyacanthus,Node55,Stegastes_partitus,Node54,Node50,Mugil_cephalus,Node49`"	0.0235	0.58	0.29822
"59"	"Actinopterygii_group3"	"Mugil_cephalus"	"`Archocentrus_centrarchus,Pundamilia_nyererei,Maylandia_zebra,Astatotilapia_calliptera,Node9,Node7,Haplochromis_burtoni,Node6,Simochromis_diagramma,Node5,Neolamprologus_brichardi,Node4,Oreochromis_aureus,Oreochromis_niloticus,Node15,Node3,Node1,Melanotaenia_boesemani,Oryzias_latipes,Cyprinodon_tularosa,Fundulus_heteroclitus,Node25,Girardinichthys_multiradiatus,Node24,Xiphophorus_hellerii,Xiphophorus_couchianus,Xiphophorus_maculatus,Node33,Node31,Gambusia_affinis,Node30,Poecilia_mexicana,Poecilia_latipinna,Node38,Poecilia_reticulata,Poecilia_formosa,Node41,Node37,Node29,Node23,Nematolebias_whitei,Austrofundulus_limnaeus,Kryptolebias_marmoratus,Node46,Node44,Node22,Node20,Node18,Salarias_fasciatus,Gouania_willdenowi,Node51,Amphiprion_ocellaris,Acanthochromis_polyacanthus,Node55,Stegastes_partitus,Node54,Node50,Node49`"	1	1.01	1
"60"	"Actinopterygii_group3"	"Nematolebias_whitei"	"`Archocentrus_centrarchus,Pundamilia_nyererei,Maylandia_zebra,Astatotilapia_calliptera,Node9,Node7,Haplochromis_burtoni,Node6,Simochromis_diagramma,Node5,Neolamprologus_brichardi,Node4,Oreochromis_aureus,Oreochromis_niloticus,Node15,Node3,Node1,Melanotaenia_boesemani,Oryzias_latipes,Cyprinodon_tularosa,Fundulus_heteroclitus,Node25,Girardinichthys_multiradiatus,Node24,Xiphophorus_hellerii,Xiphophorus_couchianus,Xiphophorus_maculatus,Node33,Node31,Gambusia_affinis,Node30,Poecilia_mexicana,Poecilia_latipinna,Node38,Poecilia_reticulata,Poecilia_formosa,Node41,Node37,Node29,Node23,Austrofundulus_limnaeus,Kryptolebias_marmoratus,Node46,Node44,Node22,Node20,Node18,Salarias_fasciatus,Gouania_willdenowi,Node51,Amphiprion_ocellaris,Acanthochromis_polyacanthus,Node55,Stegastes_partitus,Node54,Node50,Mugil_cephalus,Node49`"	0.6096	0.84	0.94085
"61"	"Actinopterygii_group3"	"Neolamprologus_brichardi"	"`Archocentrus_centrarchus,Pundamilia_nyererei,Maylandia_zebra,Astatotilapia_calliptera,Node9,Node7,Haplochromis_burtoni,Node6,Simochromis_diagramma,Node5,Node4,Oreochromis_aureus,Oreochromis_niloticus,Node15,Node3,Node1,Melanotaenia_boesemani,Oryzias_latipes,Cyprinodon_tularosa,Fundulus_heteroclitus,Node25,Girardinichthys_multiradiatus,Node24,Xiphophorus_hellerii,Xiphophorus_couchianus,Xiphophorus_maculatus,Node33,Node31,Gambusia_affinis,Node30,Poecilia_mexicana,Poecilia_latipinna,Node38,Poecilia_reticulata,Poecilia_formosa,Node41,Node37,Node29,Node23,Nematolebias_whitei,Austrofundulus_limnaeus,Kryptolebias_marmoratus,Node46,Node44,Node22,Node20,Node18,Salarias_fasciatus,Gouania_willdenowi,Node51,Amphiprion_ocellaris,Acanthochromis_polyacanthus,Node55,Stegastes_partitus,Node54,Node50,Mugil_cephalus,Node49`"	0.1295	0	0.40145
"62"	"Actinopterygii_group3"	"Oreochromis_aureus"	"`Archocentrus_centrarchus,Pundamilia_nyererei,Maylandia_zebra,Astatotilapia_calliptera,Node9,Node7,Haplochromis_burtoni,Node6,Simochromis_diagramma,Node5,Neolamprologus_brichardi,Node4,Oreochromis_niloticus,Node15,Node3,Node1,Melanotaenia_boesemani,Oryzias_latipes,Cyprinodon_tularosa,Fundulus_heteroclitus,Node25,Girardinichthys_multiradiatus,Node24,Xiphophorus_hellerii,Xiphophorus_couchianus,Xiphophorus_maculatus,Node33,Node31,Gambusia_affinis,Node30,Poecilia_mexicana,Poecilia_latipinna,Node38,Poecilia_reticulata,Poecilia_formosa,Node41,Node37,Node29,Node23,Nematolebias_whitei,Austrofundulus_limnaeus,Kryptolebias_marmoratus,Node46,Node44,Node22,Node20,Node18,Salarias_fasciatus,Gouania_willdenowi,Node51,Amphiprion_ocellaris,Acanthochromis_polyacanthus,Node55,Stegastes_partitus,Node54,Node50,Mugil_cephalus,Node49`"	1	0.88	1
"63"	"Actinopterygii_group3"	"Oreochromis_niloticus"	"`Archocentrus_centrarchus,Pundamilia_nyererei,Maylandia_zebra,Astatotilapia_calliptera,Node9,Node7,Haplochromis_burtoni,Node6,Simochromis_diagramma,Node5,Neolamprologus_brichardi,Node4,Oreochromis_aureus,Node15,Node3,Node1,Melanotaenia_boesemani,Oryzias_latipes,Cyprinodon_tularosa,Fundulus_heteroclitus,Node25,Girardinichthys_multiradiatus,Node24,Xiphophorus_hellerii,Xiphophorus_couchianus,Xiphophorus_maculatus,Node33,Node31,Gambusia_affinis,Node30,Poecilia_mexicana,Poecilia_latipinna,Node38,Poecilia_reticulata,Poecilia_formosa,Node41,Node37,Node29,Node23,Nematolebias_whitei,Austrofundulus_limnaeus,Kryptolebias_marmoratus,Node46,Node44,Node22,Node20,Node18,Salarias_fasciatus,Gouania_willdenowi,Node51,Amphiprion_ocellaris,Acanthochromis_polyacanthus,Node55,Stegastes_partitus,Node54,Node50,Mugil_cephalus,Node49`"	1	0.87	1
"64"	"Actinopterygii_group3"	"Oryzias_latipes"	"`Archocentrus_centrarchus,Pundamilia_nyererei,Maylandia_zebra,Astatotilapia_calliptera,Node9,Node7,Haplochromis_burtoni,Node6,Simochromis_diagramma,Node5,Neolamprologus_brichardi,Node4,Oreochromis_aureus,Oreochromis_niloticus,Node15,Node3,Node1,Melanotaenia_boesemani,Cyprinodon_tularosa,Fundulus_heteroclitus,Node25,Girardinichthys_multiradiatus,Node24,Xiphophorus_hellerii,Xiphophorus_couchianus,Xiphophorus_maculatus,Node33,Node31,Gambusia_affinis,Node30,Poecilia_mexicana,Poecilia_latipinna,Node38,Poecilia_reticulata,Poecilia_formosa,Node41,Node37,Node29,Node23,Nematolebias_whitei,Austrofundulus_limnaeus,Kryptolebias_marmoratus,Node46,Node44,Node22,Node20,Node18,Salarias_fasciatus,Gouania_willdenowi,Node51,Amphiprion_ocellaris,Acanthochromis_polyacanthus,Node55,Stegastes_partitus,Node54,Node50,Mugil_cephalus,Node49`"	0.0616	0	0.302471428571429
"65"	"Actinopterygii_group3"	"Poecilia_formosa"	"`Archocentrus_centrarchus,Pundamilia_nyererei,Maylandia_zebra,Astatotilapia_calliptera,Node9,Node7,Haplochromis_burtoni,Node6,Simochromis_diagramma,Node5,Neolamprologus_brichardi,Node4,Oreochromis_aureus,Oreochromis_niloticus,Node15,Node3,Node1,Melanotaenia_boesemani,Oryzias_latipes,Cyprinodon_tularosa,Fundulus_heteroclitus,Node25,Girardinichthys_multiradiatus,Node24,Xiphophorus_hellerii,Xiphophorus_couchianus,Xiphophorus_maculatus,Node33,Node31,Gambusia_affinis,Node30,Poecilia_mexicana,Poecilia_latipinna,Node38,Poecilia_reticulata,Node41,Node37,Node29,Node23,Nematolebias_whitei,Austrofundulus_limnaeus,Kryptolebias_marmoratus,Node46,Node44,Node22,Node20,Node18,Salarias_fasciatus,Gouania_willdenowi,Node51,Amphiprion_ocellaris,Acanthochromis_polyacanthus,Node55,Stegastes_partitus,Node54,Node50,Mugil_cephalus,Node49`"	0.9074	0.57	1
"66"	"Actinopterygii_group3"	"Poecilia_latipinna"	"`Archocentrus_centrarchus,Pundamilia_nyererei,Maylandia_zebra,Astatotilapia_calliptera,Node9,Node7,Haplochromis_burtoni,Node6,Simochromis_diagramma,Node5,Neolamprologus_brichardi,Node4,Oreochromis_aureus,Oreochromis_niloticus,Node15,Node3,Node1,Melanotaenia_boesemani,Oryzias_latipes,Cyprinodon_tularosa,Fundulus_heteroclitus,Node25,Girardinichthys_multiradiatus,Node24,Xiphophorus_hellerii,Xiphophorus_couchianus,Xiphophorus_maculatus,Node33,Node31,Gambusia_affinis,Node30,Poecilia_mexicana,Node38,Poecilia_reticulata,Poecilia_formosa,Node41,Node37,Node29,Node23,Nematolebias_whitei,Austrofundulus_limnaeus,Kryptolebias_marmoratus,Node46,Node44,Node22,Node20,Node18,Salarias_fasciatus,Gouania_willdenowi,Node51,Amphiprion_ocellaris,Acanthochromis_polyacanthus,Node55,Stegastes_partitus,Node54,Node50,Mugil_cephalus,Node49`"	0.5525	0.46	0.94085
"67"	"Actinopterygii_group3"	"Poecilia_mexicana"	"`Archocentrus_centrarchus,Pundamilia_nyererei,Maylandia_zebra,Astatotilapia_calliptera,Node9,Node7,Haplochromis_burtoni,Node6,Simochromis_diagramma,Node5,Neolamprologus_brichardi,Node4,Oreochromis_aureus,Oreochromis_niloticus,Node15,Node3,Node1,Melanotaenia_boesemani,Oryzias_latipes,Cyprinodon_tularosa,Fundulus_heteroclitus,Node25,Girardinichthys_multiradiatus,Node24,Xiphophorus_hellerii,Xiphophorus_couchianus,Xiphophorus_maculatus,Node33,Node31,Gambusia_affinis,Node30,Poecilia_latipinna,Node38,Poecilia_reticulata,Poecilia_formosa,Node41,Node37,Node29,Node23,Nematolebias_whitei,Austrofundulus_limnaeus,Kryptolebias_marmoratus,Node46,Node44,Node22,Node20,Node18,Salarias_fasciatus,Gouania_willdenowi,Node51,Amphiprion_ocellaris,Acanthochromis_polyacanthus,Node55,Stegastes_partitus,Node54,Node50,Mugil_cephalus,Node49`"	0.0481	3.58	0.29822
"68"	"Actinopterygii_group3"	"Poecilia_reticulata"	"`Archocentrus_centrarchus,Pundamilia_nyererei,Maylandia_zebra,Astatotilapia_calliptera,Node9,Node7,Haplochromis_burtoni,Node6,Simochromis_diagramma,Node5,Neolamprologus_brichardi,Node4,Oreochromis_aureus,Oreochromis_niloticus,Node15,Node3,Node1,Melanotaenia_boesemani,Oryzias_latipes,Cyprinodon_tularosa,Fundulus_heteroclitus,Node25,Girardinichthys_multiradiatus,Node24,Xiphophorus_hellerii,Xiphophorus_couchianus,Xiphophorus_maculatus,Node33,Node31,Gambusia_affinis,Node30,Poecilia_mexicana,Poecilia_latipinna,Node38,Poecilia_formosa,Node41,Node37,Node29,Node23,Nematolebias_whitei,Austrofundulus_limnaeus,Kryptolebias_marmoratus,Node46,Node44,Node22,Node20,Node18,Salarias_fasciatus,Gouania_willdenowi,Node51,Amphiprion_ocellaris,Acanthochromis_polyacanthus,Node55,Stegastes_partitus,Node54,Node50,Mugil_cephalus,Node49`"	0	5.14	0
"69"	"Actinopterygii_group3"	"Pundamilia_nyererei"	"`Archocentrus_centrarchus,Maylandia_zebra,Astatotilapia_calliptera,Node9,Node7,Haplochromis_burtoni,Node6,Simochromis_diagramma,Node5,Neolamprologus_brichardi,Node4,Oreochromis_aureus,Oreochromis_niloticus,Node15,Node3,Node1,Melanotaenia_boesemani,Oryzias_latipes,Cyprinodon_tularosa,Fundulus_heteroclitus,Node25,Girardinichthys_multiradiatus,Node24,Xiphophorus_hellerii,Xiphophorus_couchianus,Xiphophorus_maculatus,Node33,Node31,Gambusia_affinis,Node30,Poecilia_mexicana,Poecilia_latipinna,Node38,Poecilia_reticulata,Poecilia_formosa,Node41,Node37,Node29,Node23,Nematolebias_whitei,Austrofundulus_limnaeus,Kryptolebias_marmoratus,Node46,Node44,Node22,Node20,Node18,Salarias_fasciatus,Gouania_willdenowi,Node51,Amphiprion_ocellaris,Acanthochromis_polyacanthus,Node55,Stegastes_partitus,Node54,Node50,Mugil_cephalus,Node49`"	0.3606	3.71	0.798471428571429
"70"	"Actinopterygii_group3"	"Salarias_fasciatus"	"`Archocentrus_centrarchus,Pundamilia_nyererei,Maylandia_zebra,Astatotilapia_calliptera,Node9,Node7,Haplochromis_burtoni,Node6,Simochromis_diagramma,Node5,Neolamprologus_brichardi,Node4,Oreochromis_aureus,Oreochromis_niloticus,Node15,Node3,Node1,Melanotaenia_boesemani,Oryzias_latipes,Cyprinodon_tularosa,Fundulus_heteroclitus,Node25,Girardinichthys_multiradiatus,Node24,Xiphophorus_hellerii,Xiphophorus_couchianus,Xiphophorus_maculatus,Node33,Node31,Gambusia_affinis,Node30,Poecilia_mexicana,Poecilia_latipinna,Node38,Poecilia_reticulata,Poecilia_formosa,Node41,Node37,Node29,Node23,Nematolebias_whitei,Austrofundulus_limnaeus,Kryptolebias_marmoratus,Node46,Node44,Node22,Node20,Node18,Gouania_willdenowi,Node51,Amphiprion_ocellaris,Acanthochromis_polyacanthus,Node55,Stegastes_partitus,Node54,Node50,Mugil_cephalus,Node49`"	0.1094	1.5	0.40145
"71"	"Actinopterygii_group3"	"Simochromis_diagramma"	"`Archocentrus_centrarchus,Pundamilia_nyererei,Maylandia_zebra,Astatotilapia_calliptera,Node9,Node7,Haplochromis_burtoni,Node6,Node5,Neolamprologus_brichardi,Node4,Oreochromis_aureus,Oreochromis_niloticus,Node15,Node3,Node1,Melanotaenia_boesemani,Oryzias_latipes,Cyprinodon_tularosa,Fundulus_heteroclitus,Node25,Girardinichthys_multiradiatus,Node24,Xiphophorus_hellerii,Xiphophorus_couchianus,Xiphophorus_maculatus,Node33,Node31,Gambusia_affinis,Node30,Poecilia_mexicana,Poecilia_latipinna,Node38,Poecilia_reticulata,Poecilia_formosa,Node41,Node37,Node29,Node23,Nematolebias_whitei,Austrofundulus_limnaeus,Kryptolebias_marmoratus,Node46,Node44,Node22,Node20,Node18,Salarias_fasciatus,Gouania_willdenowi,Node51,Amphiprion_ocellaris,Acanthochromis_polyacanthus,Node55,Stegastes_partitus,Node54,Node50,Mugil_cephalus,Node49`"	0.7163	0.78	0.94085
"72"	"Actinopterygii_group3"	"Stegastes_partitus"	"`Archocentrus_centrarchus,Pundamilia_nyererei,Maylandia_zebra,Astatotilapia_calliptera,Node9,Node7,Haplochromis_burtoni,Node6,Simochromis_diagramma,Node5,Neolamprologus_brichardi,Node4,Oreochromis_aureus,Oreochromis_niloticus,Node15,Node3,Node1,Melanotaenia_boesemani,Oryzias_latipes,Cyprinodon_tularosa,Fundulus_heteroclitus,Node25,Girardinichthys_multiradiatus,Node24,Xiphophorus_hellerii,Xiphophorus_couchianus,Xiphophorus_maculatus,Node33,Node31,Gambusia_affinis,Node30,Poecilia_mexicana,Poecilia_latipinna,Node38,Poecilia_reticulata,Poecilia_formosa,Node41,Node37,Node29,Node23,Nematolebias_whitei,Austrofundulus_limnaeus,Kryptolebias_marmoratus,Node46,Node44,Node22,Node20,Node18,Salarias_fasciatus,Gouania_willdenowi,Node51,Amphiprion_ocellaris,Acanthochromis_polyacanthus,Node55,Node54,Node50,Mugil_cephalus,Node49`"	0.7069	0.89	0.94085
"73"	"Actinopterygii_group3"	"Xiphophorus_couchianus"	"`Archocentrus_centrarchus,Pundamilia_nyererei,Maylandia_zebra,Astatotilapia_calliptera,Node9,Node7,Haplochromis_burtoni,Node6,Simochromis_diagramma,Node5,Neolamprologus_brichardi,Node4,Oreochromis_aureus,Oreochromis_niloticus,Node15,Node3,Node1,Melanotaenia_boesemani,Oryzias_latipes,Cyprinodon_tularosa,Fundulus_heteroclitus,Node25,Girardinichthys_multiradiatus,Node24,Xiphophorus_hellerii,Xiphophorus_maculatus,Node33,Node31,Gambusia_affinis,Node30,Poecilia_mexicana,Poecilia_latipinna,Node38,Poecilia_reticulata,Poecilia_formosa,Node41,Node37,Node29,Node23,Nematolebias_whitei,Austrofundulus_limnaeus,Kryptolebias_marmoratus,Node46,Node44,Node22,Node20,Node18,Salarias_fasciatus,Gouania_willdenowi,Node51,Amphiprion_ocellaris,Acanthochromis_polyacanthus,Node55,Stegastes_partitus,Node54,Node50,Mugil_cephalus,Node49`"	0.7234	0.73	0.94085
"74"	"Actinopterygii_group3"	"Xiphophorus_hellerii"	"`Archocentrus_centrarchus,Pundamilia_nyererei,Maylandia_zebra,Astatotilapia_calliptera,Node9,Node7,Haplochromis_burtoni,Node6,Simochromis_diagramma,Node5,Neolamprologus_brichardi,Node4,Oreochromis_aureus,Oreochromis_niloticus,Node15,Node3,Node1,Melanotaenia_boesemani,Oryzias_latipes,Cyprinodon_tularosa,Fundulus_heteroclitus,Node25,Girardinichthys_multiradiatus,Node24,Xiphophorus_couchianus,Xiphophorus_maculatus,Node33,Node31,Gambusia_affinis,Node30,Poecilia_mexicana,Poecilia_latipinna,Node38,Poecilia_reticulata,Poecilia_formosa,Node41,Node37,Node29,Node23,Nematolebias_whitei,Austrofundulus_limnaeus,Kryptolebias_marmoratus,Node46,Node44,Node22,Node20,Node18,Salarias_fasciatus,Gouania_willdenowi,Node51,Amphiprion_ocellaris,Acanthochromis_polyacanthus,Node55,Stegastes_partitus,Node54,Node50,Mugil_cephalus,Node49`"	0.7255	0.24	0.94085
"75"	"Actinopterygii_group3"	"Xiphophorus_maculatus"	"`Archocentrus_centrarchus,Pundamilia_nyererei,Maylandia_zebra,Astatotilapia_calliptera,Node9,Node7,Haplochromis_burtoni,Node6,Simochromis_diagramma,Node5,Neolamprologus_brichardi,Node4,Oreochromis_aureus,Oreochromis_niloticus,Node15,Node3,Node1,Melanotaenia_boesemani,Oryzias_latipes,Cyprinodon_tularosa,Fundulus_heteroclitus,Node25,Girardinichthys_multiradiatus,Node24,Xiphophorus_hellerii,Xiphophorus_couchianus,Node33,Node31,Gambusia_affinis,Node30,Poecilia_mexicana,Poecilia_latipinna,Node38,Poecilia_reticulata,Poecilia_formosa,Node41,Node37,Node29,Node23,Nematolebias_whitei,Austrofundulus_limnaeus,Kryptolebias_marmoratus,Node46,Node44,Node22,Node20,Node18,Salarias_fasciatus,Gouania_willdenowi,Node51,Amphiprion_ocellaris,Acanthochromis_polyacanthus,Node55,Stegastes_partitus,Node54,Node50,Mugil_cephalus,Node49`"	1	0.46	1
